A_dtype,W_dtype,Out_dtype,Accum_dtype,Matrix Shape,Latency (ms),Dataset
float16,float16,float16,float16,128x256x256,0.0071678,ArXiv
float16,float16,float16,float16,4x128x128,0.0062463,PROTEINS
float16,float16,float16,float16,1x128x128,0.0031742999999999997,REDDIT-B
float16,float16,float16,float16,1x128x128,0.0031742999999999997,REDDIT-M
float16,float16,float32,float16,500x128x128,0.0039935,PubMed
float16,float16,float32,float16,128x256x256,0.007372600000000002,ArXiv
float16,float16,float32,float16,136x128x128,0.004300699999999999,IMDB-B
float16,float16,float32,float16,4x128x128,0.0062463,PROTEINS
float16,float16,float32,float16,1x128x128,0.0032767,REDDIT-B
float16,float16,float32,float16,1x128x128,0.0032767,REDDIT-M
float16,float16,int32,float16,500x128x128,0.0039935,PubMed
float16,float16,int32,float16,128x256x256,0.007270199999999999,ArXiv
float16,float16,int32,float16,136x128x128,0.004300699999999999,IMDB-B
float16,float16,int32,float16,4x128x128,0.0062463,PROTEINS
float16,float16,int32,float16,1x128x128,0.0033792000000000006,REDDIT-B
float16,float16,int32,float16,1x128x128,0.0031742999999999997,REDDIT-M
float16,float16,int8,float16,500x128x128,0.004608000000000001,PubMed
float16,float16,int8,float16,128x256x256,0.0076799,ArXiv
float16,float16,int8,float16,136x128x128,0.005017499999999999,IMDB-B
float16,float16,int8,float16,4x128x128,0.0062463,PROTEINS
float16,float16,int8,float16,1x128x128,0.0031742999999999997,REDDIT-B
float16,float16,int8,float16,1x128x128,0.0031742999999999997,REDDIT-M
float16,float16,float16,int32,4x128x128,0.0072704,PROTEINS
float16,float16,float16,int32,1x128x128,0.0033792000000000006,REDDIT-B
float16,float16,float16,int32,1x128x128,0.0032767,REDDIT-M
float16,float16,float32,int32,4x128x128,0.0073728,PROTEINS
float16,float16,float32,int32,1x128x128,0.0032767,REDDIT-B
float16,float16,float32,int32,1x128x128,0.0031742999999999997,REDDIT-M
float16,float16,int32,int32,4x128x128,0.0073728,PROTEINS
float16,float16,int32,int32,1x128x128,0.0035839999999999995,REDDIT-B
float16,float16,int32,int32,1x128x128,0.0032767,REDDIT-M
float16,float16,int8,int32,4x128x128,0.0073728,PROTEINS
float16,float16,int8,int32,1x128x128,0.0032767,REDDIT-B
float16,float16,int8,int32,1x128x128,0.0032767,REDDIT-M
float16,int8,float16,float16,3703x128x128,0.008499099999999999,CiteSeer
float16,int8,float16,float16,500x128x128,0.004608000000000001,PubMed
float16,int8,float16,float16,128x256x256,0.007679899999999999,ArXiv
float16,int8,float16,float16,136x128x128,0.0044032,IMDB-B
float16,int8,float16,float16,4x128x128,0.0033792000000000006,PROTEINS
float16,int8,float16,float16,1x128x128,0.0033792000000000006,REDDIT-B
float16,int8,float16,float16,1x128x128,0.0032767,REDDIT-M
float16,int8,float32,float16,3703x128x128,0.008499099999999999,CiteSeer
float16,int8,float32,float16,500x128x128,0.004505599999999999,PubMed
float16,int8,float32,float16,128x256x256,0.0079871,ArXiv
float16,int8,float32,float16,136x128x128,0.004608000000000001,IMDB-B
float16,int8,float32,float16,4x128x128,0.0034815999999999996,PROTEINS
float16,int8,float32,float16,1x128x128,0.0031742999999999997,REDDIT-B
float16,int8,float32,float16,1x128x128,0.0032767,REDDIT-M
float16,int8,int32,float16,3703x128x128,0.0087039,CiteSeer
float16,int8,int32,float16,500x128x128,0.004608000000000001,PubMed
float16,int8,int32,float16,128x256x256,0.007679899999999999,ArXiv
float16,int8,int32,float16,136x128x128,0.0048128,IMDB-B
float16,int8,int32,float16,4x128x128,0.0033792000000000006,PROTEINS
float16,int8,int32,float16,1x128x128,0.0031742999999999997,REDDIT-B
float16,int8,int32,float16,1x128x128,0.0032767,REDDIT-M
float16,int8,int8,float16,3703x128x128,0.009728,CiteSeer
float16,int8,int8,float16,500x128x128,0.0051199,PubMed
float16,int8,int8,float16,128x256x256,0.0082942,ArXiv
float16,int8,int8,float16,136x128x128,0.005632000000000001,IMDB-B
float16,int8,int8,float16,4x128x128,0.0032767,PROTEINS
float16,int8,int8,float16,1x128x128,0.0032767,REDDIT-B
float16,int8,int8,float16,1x128x128,0.0032767,REDDIT-M
float16,int8,float16,int32,4x128x128,0.0036864,PROTEINS
float16,int8,float16,int32,1x128x128,0.0037888,REDDIT-B
float16,int8,float16,int32,1x128x128,0.0032767,REDDIT-M
float16,int8,float32,int32,4x128x128,0.0036864,PROTEINS
float16,int8,float32,int32,1x128x128,0.0035839999999999995,REDDIT-B
float16,int8,float32,int32,1x128x128,0.0032767,REDDIT-M
float16,int8,int32,int32,4x128x128,0.0039935,PROTEINS
float16,int8,int32,int32,1x128x128,0.0034815999999999996,REDDIT-B
float16,int8,int32,int32,1x128x128,0.0036864,REDDIT-M
float16,int8,int8,int32,4x128x128,0.0034815999999999996,PROTEINS
float16,int8,int8,int32,1x128x128,0.0032767,REDDIT-B
float16,int8,int8,int32,1x128x128,0.0031742999999999997,REDDIT-M
float16,int4,float16,float16,3703x128x128,0.006758400000000001,CiteSeer
float16,int4,float16,float16,500x128x128,0.004095900000000001,PubMed
float16,int4,float16,float16,128x256x256,0.0075774,ArXiv
float16,int4,float16,float16,136x128x128,0.004300699999999999,IMDB-B
float16,int4,float16,float16,4x128x128,0.0032767,PROTEINS
float16,int4,float16,float16,1x128x128,0.0031742999999999997,REDDIT-B
float16,int4,float16,float16,1x128x128,0.0031742999999999997,REDDIT-M
float16,int4,float32,float16,3703x128x128,0.0070656,CiteSeer
float16,int4,float32,float16,500x128x128,0.004095900000000001,PubMed
float16,int4,float32,float16,128x256x256,0.007372600000000002,ArXiv
float16,int4,float32,float16,136x128x128,0.004608000000000001,IMDB-B
float16,int4,float32,float16,4x128x128,0.0032767,PROTEINS
float16,int4,float32,float16,1x128x128,0.0031742999999999997,REDDIT-B
float16,int4,float32,float16,1x128x128,0.0032767,REDDIT-M
float16,int4,int32,float16,3703x128x128,0.006963199999999999,CiteSeer
float16,int4,int32,float16,500x128x128,0.0041983,PubMed
float16,int4,int32,float16,128x256x256,0.007474999999999999,ArXiv
float16,int4,int32,float16,136x128x128,0.0044032,IMDB-B
float16,int4,int32,float16,4x128x128,0.0033792000000000006,PROTEINS
float16,int4,int32,float16,1x128x128,0.0030719000000000002,REDDIT-B
float16,int4,int32,float16,1x128x128,0.0032767,REDDIT-M
float16,int4,int8,float16,3703x128x128,0.007167999999999999,CiteSeer
float16,int4,int8,float16,500x128x128,0.004608000000000001,PubMed
float16,int4,int8,float16,128x256x256,0.0079871,ArXiv
float16,int4,int8,float16,136x128x128,0.0053247,IMDB-B
float16,int4,int8,float16,4x128x128,0.0032767,PROTEINS
float16,int4,int8,float16,1x128x128,0.0031742999999999997,REDDIT-B
float16,int4,int8,float16,1x128x128,0.0033792000000000006,REDDIT-M
float16,int4,float16,int32,4x128x128,0.0032767,PROTEINS
float16,int4,float16,int32,1x128x128,0.0032767,REDDIT-B
float16,int4,float16,int32,1x128x128,0.0031742999999999997,REDDIT-M
float16,int4,float32,int32,4x128x128,0.0033792000000000006,PROTEINS
float16,int4,float32,int32,1x128x128,0.0036864,REDDIT-B
float16,int4,float32,int32,1x128x128,0.0032767,REDDIT-M
float16,int4,int32,int32,4x128x128,0.0032767,PROTEINS
float16,int4,int32,int32,1x128x128,0.0032767,REDDIT-B
float16,int4,int32,int32,1x128x128,0.0033792000000000006,REDDIT-M
float16,int4,int8,int32,4x128x128,0.0032767,PROTEINS
float16,int4,int8,int32,1x128x128,0.0032767,REDDIT-B
float16,int4,int8,int32,1x128x128,0.0031742999999999997,REDDIT-M
float16,int2,float16,float16,3703x128x128,0.0065535,CiteSeer
float16,int2,float16,float16,500x128x128,0.004300699999999999,PubMed
float16,int2,float16,float16,128x256x256,0.0076799,ArXiv
float16,int2,float16,float16,136x128x128,0.0044032,IMDB-B
float16,int2,float16,float16,4x128x128,0.0032767,PROTEINS
float16,int2,float16,float16,1x128x128,0.0031742999999999997,REDDIT-B
float16,int2,float16,float16,1x128x128,0.0031742999999999997,REDDIT-M
float16,int2,float32,float16,3703x128x128,0.0066560000000000005,CiteSeer
float16,int2,float32,float16,500x128x128,0.0041983,PubMed
float16,int2,float32,float16,128x256x256,0.007474999999999999,ArXiv
float16,int2,float32,float16,136x128x128,0.004505599999999999,IMDB-B
float16,int2,float32,float16,4x128x128,0.0032767,PROTEINS
float16,int2,float32,float16,1x128x128,0.0031742999999999997,REDDIT-B
float16,int2,float32,float16,1x128x128,0.0032767,REDDIT-M
float16,int2,int32,float16,3703x128x128,0.0066560000000000005,CiteSeer
float16,int2,int32,float16,500x128x128,0.004095900000000001,PubMed
float16,int2,int32,float16,128x256x256,0.0076799,ArXiv
float16,int2,int32,float16,136x128x128,0.004505599999999999,IMDB-B
float16,int2,int32,float16,4x128x128,0.0031742999999999997,PROTEINS
float16,int2,int32,float16,1x128x128,0.0032767,REDDIT-B
float16,int2,int32,float16,1x128x128,0.0032767,REDDIT-M
float16,int2,int8,float16,3703x128x128,0.007167999999999999,CiteSeer
float16,int2,int8,float16,500x128x128,0.004608000000000001,PubMed
float16,int2,int8,float16,128x256x256,0.0079871,ArXiv
float16,int2,int8,float16,136x128x128,0.0055296,IMDB-B
float16,int2,int8,float16,4x128x128,0.0033792000000000006,PROTEINS
float16,int2,int8,float16,1x128x128,0.0033792000000000006,REDDIT-B
float16,int2,int8,float16,1x128x128,0.0032767,REDDIT-M
float16,int2,float16,int32,4x128x128,0.0034815999999999996,PROTEINS
float16,int2,float16,int32,1x128x128,0.0033792000000000006,REDDIT-B
float16,int2,float16,int32,1x128x128,0.0035839999999999995,REDDIT-M
float16,int2,float32,int32,4x128x128,0.0033792000000000006,PROTEINS
float16,int2,float32,int32,1x128x128,0.0032767,REDDIT-B
float16,int2,float32,int32,1x128x128,0.0032767,REDDIT-M
float16,int2,int32,int32,4x128x128,0.0034815999999999996,PROTEINS
float16,int2,int32,int32,1x128x128,0.0033792000000000006,REDDIT-B
float16,int2,int32,int32,1x128x128,0.0032767,REDDIT-M
float16,int2,int8,int32,4x128x128,0.0033792000000000006,PROTEINS
float16,int2,int8,int32,1x128x128,0.0032767,REDDIT-B
float16,int2,int8,int32,1x128x128,0.0033792000000000006,REDDIT-M
float16,int1,float16,float16,3703x128x128,0.0066560000000000005,CiteSeer
float16,int1,float16,float16,500x128x128,0.0041983,PubMed
float16,int1,float16,float16,128x256x256,0.007474999999999999,ArXiv
float16,int1,float16,float16,136x128x128,0.004505599999999999,IMDB-B
float16,int1,float16,float16,4x128x128,0.0033792000000000006,PROTEINS
float16,int1,float16,float16,1x128x128,0.0032767,REDDIT-B
float16,int1,float16,float16,1x128x128,0.0032767,REDDIT-M
float16,int1,float32,float16,3703x128x128,0.006758400000000001,CiteSeer
float16,int1,float32,float16,500x128x128,0.0041983,PubMed
float16,int1,float32,float16,128x256x256,0.0075775,ArXiv
float16,int1,float32,float16,136x128x128,0.0044032,IMDB-B
float16,int1,float32,float16,4x128x128,0.0034815999999999996,PROTEINS
float16,int1,float32,float16,1x128x128,0.0033792000000000006,REDDIT-B
float16,int1,float32,float16,1x128x128,0.0032767,REDDIT-M
float16,int1,int32,float16,3703x128x128,0.0068608,CiteSeer
float16,int1,int32,float16,500x128x128,0.0044032,PubMed
float16,int1,int32,float16,128x256x256,0.007782299999999999,ArXiv
float16,int1,int32,float16,136x128x128,0.0047104,IMDB-B
float16,int1,int32,float16,4x128x128,0.0034815999999999996,PROTEINS
float16,int1,int32,float16,1x128x128,0.0032767,REDDIT-B
float16,int1,int32,float16,1x128x128,0.0032767,REDDIT-M
float16,int1,int8,float16,3703x128x128,0.0075776,CiteSeer
float16,int1,int8,float16,500x128x128,0.0047104,PubMed
float16,int1,int8,float16,128x256x256,0.0081919,ArXiv
float16,int1,int8,float16,136x128x128,0.0054271,IMDB-B
float16,int1,int8,float16,4x128x128,0.0033792000000000006,PROTEINS
float16,int1,int8,float16,1x128x128,0.0032767,REDDIT-B
float16,int1,int8,float16,1x128x128,0.0033792000000000006,REDDIT-M
float16,int1,float16,int32,4x128x128,0.0033792000000000006,PROTEINS
float16,int1,float16,int32,1x128x128,0.0033792000000000006,REDDIT-B
float16,int1,float16,int32,1x128x128,0.0032767,REDDIT-M
float16,int1,float32,int32,4x128x128,0.0035839999999999995,PROTEINS
float16,int1,float32,int32,1x128x128,0.0034815999999999996,REDDIT-B
float16,int1,float32,int32,1x128x128,0.0034815999999999996,REDDIT-M
float16,int1,int32,int32,4x128x128,0.0034815999999999996,PROTEINS
float16,int1,int32,int32,1x128x128,0.0033792000000000006,REDDIT-B
float16,int1,int32,int32,1x128x128,0.0033792000000000006,REDDIT-M
float16,int1,int8,int32,4x128x128,0.0035839999999999995,PROTEINS
float16,int1,int8,int32,1x128x128,0.0032767,REDDIT-B
float16,int1,int8,int32,1x128x128,0.0032767,REDDIT-M
float16,nf4,float16,float16,3703x128x128,0.0081919,CiteSeer
float16,nf4,float16,float16,500x128x128,0.004505599999999999,PubMed
float16,nf4,float16,float16,128x256x256,0.007782300000000001,ArXiv
float16,nf4,float16,float16,136x128x128,0.0047104,IMDB-B
float16,nf4,float16,float16,4x128x128,0.0036864,PROTEINS
float16,nf4,float16,float16,1x128x128,0.0034815999999999996,REDDIT-B
float16,nf4,float16,float16,1x128x128,0.0034815999999999996,REDDIT-M
float16,nf4,float32,float16,3703x128x128,0.0081919,CiteSeer
float16,nf4,float32,float16,500x128x128,0.004608000000000001,PubMed
float16,nf4,float32,float16,128x256x256,0.007884700000000001,ArXiv
float16,nf4,float32,float16,136x128x128,0.0047104,IMDB-B
float16,nf4,float32,float16,4x128x128,0.0034815999999999996,PROTEINS
float16,nf4,float32,float16,1x128x128,0.0035839999999999995,REDDIT-B
float16,nf4,float32,float16,1x128x128,0.0036864,REDDIT-M
float16,nf4,int32,float16,3703x128x128,0.0081919,CiteSeer
float16,nf4,int32,float16,500x128x128,0.004608000000000001,PubMed
float16,nf4,int32,float16,128x256x256,0.0080895,ArXiv
float16,nf4,int32,float16,136x128x128,0.0047104,IMDB-B
float16,nf4,int32,float16,4x128x128,0.0035839999999999995,PROTEINS
float16,nf4,int32,float16,1x128x128,0.0038910999999999998,REDDIT-B
float16,nf4,int32,float16,1x128x128,0.0035839999999999995,REDDIT-M
float16,nf4,int8,float16,3703x128x128,0.009011199999999999,CiteSeer
float16,nf4,int8,float16,500x128x128,0.005017499999999999,PubMed
float16,nf4,int8,float16,128x256x256,0.0083966,ArXiv
float16,nf4,int8,float16,136x128x128,0.0055296,IMDB-B
float16,nf4,int8,float16,4x128x128,0.0035839999999999995,PROTEINS
float16,nf4,int8,float16,1x128x128,0.0035839999999999995,REDDIT-B
float16,nf4,int8,float16,1x128x128,0.0036864,REDDIT-M
float16,nf4,float16,int32,4x128x128,0.0035839999999999995,PROTEINS
float16,nf4,float16,int32,1x128x128,0.0034815999999999996,REDDIT-B
float16,nf4,float16,int32,1x128x128,0.0036864,REDDIT-M
float16,nf4,float32,int32,4x128x128,0.0036864,PROTEINS
float16,nf4,float32,int32,1x128x128,0.0034815999999999996,REDDIT-B
float16,nf4,float32,int32,1x128x128,0.0034815999999999996,REDDIT-M
float16,nf4,int32,int32,4x128x128,0.0036864,PROTEINS
float16,nf4,int32,int32,1x128x128,0.0034815999999999996,REDDIT-B
float16,nf4,int32,int32,1x128x128,0.0035839999999999995,REDDIT-M
float16,nf4,int8,int32,4x128x128,0.0036864,PROTEINS
float16,nf4,int8,int32,1x128x128,0.0034815999999999996,REDDIT-B
float16,nf4,int8,int32,1x128x128,0.0035839999999999995,REDDIT-M
float32,float32,float16,float16,1x128x128,0.0033792000000000006,REDDIT-B
float32,float32,float16,float16,1x128x128,0.0034815999999999996,REDDIT-M
float32,float32,float32,float16,1x128x128,0.0034815999999999996,REDDIT-B
float32,float32,float32,float16,1x128x128,0.0035839999999999995,REDDIT-M
float32,float32,int32,float16,1x128x128,0.0032767,REDDIT-B
float32,float32,int32,float16,1x128x128,0.0033792000000000006,REDDIT-M
float32,float32,int8,float16,1x128x128,0.0034815999999999996,REDDIT-B
float32,float32,int8,float16,1x128x128,0.0033792000000000006,REDDIT-M
float32,float32,float16,int32,1x128x128,0.0033792000000000006,REDDIT-B
float32,float32,float16,int32,1x128x128,0.0035839999999999995,REDDIT-M
float32,float32,float32,int32,1x128x128,0.0033792000000000006,REDDIT-B
float32,float32,float32,int32,1x128x128,0.0035839999999999995,REDDIT-M
float32,float32,int32,int32,1x128x128,0.0033792000000000006,REDDIT-B
float32,float32,int32,int32,1x128x128,0.0033792000000000006,REDDIT-M
float32,float32,int8,int32,1x128x128,0.0034815999999999996,REDDIT-B
float32,float32,int8,int32,1x128x128,0.0034815999999999996,REDDIT-M
float32,int8,float16,float16,1x128x128,0.0034815999999999996,REDDIT-B
float32,int8,float16,float16,1x128x128,0.0033792000000000006,REDDIT-M
float32,int8,float32,float16,1x128x128,0.0033792000000000006,REDDIT-B
float32,int8,float32,float16,1x128x128,0.0033792000000000006,REDDIT-M
float32,int8,int32,float16,1x128x128,0.0033792000000000006,REDDIT-B
float32,int8,int32,float16,1x128x128,0.0033792000000000006,REDDIT-M
float32,int8,int8,float16,1x128x128,0.0034815999999999996,REDDIT-B
float32,int8,int8,float16,1x128x128,0.0034815999999999996,REDDIT-M
float32,int8,float16,int32,1x128x128,0.0034815999999999996,REDDIT-B
float32,int8,float16,int32,1x128x128,0.0035839999999999995,REDDIT-M
float32,int8,float32,int32,1x128x128,0.0034815999999999996,REDDIT-B
float32,int8,float32,int32,1x128x128,0.0035839999999999995,REDDIT-M
float32,int8,int32,int32,1x128x128,0.0035839999999999995,REDDIT-B
float32,int8,int32,int32,1x128x128,0.0034815999999999996,REDDIT-M
float32,int8,int8,int32,1x128x128,0.0033792000000000006,REDDIT-B
float32,int8,int8,int32,1x128x128,0.0033792000000000006,REDDIT-M
float32,int4,float16,float16,1x128x128,0.0034815999999999996,REDDIT-B
float32,int4,float16,float16,1x128x128,0.0033792000000000006,REDDIT-M
float32,int4,float32,float16,1x128x128,0.0033792000000000006,REDDIT-B
float32,int4,float32,float16,1x128x128,0.0035839999999999995,REDDIT-M
float32,int4,int32,float16,1x128x128,0.0034815999999999996,REDDIT-B
float32,int4,int32,float16,1x128x128,0.0034815999999999996,REDDIT-M
float32,int4,int8,float16,1x128x128,0.0035839999999999995,REDDIT-B
float32,int4,int8,float16,1x128x128,0.0033792000000000006,REDDIT-M
float32,int4,float16,int32,1x128x128,0.0033792000000000006,REDDIT-B
float32,int4,float16,int32,1x128x128,0.0034815999999999996,REDDIT-M
float32,int4,float32,int32,1x128x128,0.0034815999999999996,REDDIT-B
float32,int4,float32,int32,1x128x128,0.0033792000000000006,REDDIT-M
float32,int4,int32,int32,1x128x128,0.0034815999999999996,REDDIT-B
float32,int4,int32,int32,1x128x128,0.0034815999999999996,REDDIT-M
float32,int4,int8,int32,1x128x128,0.0035839999999999995,REDDIT-B
float32,int4,int8,int32,1x128x128,0.0034815999999999996,REDDIT-M
float32,int2,float16,float16,1x128x128,0.0033792000000000006,REDDIT-B
float32,int2,float16,float16,1x128x128,0.0033792000000000006,REDDIT-M
float32,int2,float32,float16,1x128x128,0.0034815999999999996,REDDIT-B
float32,int2,float32,float16,1x128x128,0.0034815999999999996,REDDIT-M
float32,int2,int32,float16,1x128x128,0.0034815999999999996,REDDIT-B
float32,int2,int32,float16,1x128x128,0.0032767,REDDIT-M
float32,int2,int8,float16,1x128x128,0.0033792000000000006,REDDIT-B
float32,int2,int8,float16,1x128x128,0.0033792000000000006,REDDIT-M
float32,int2,float16,int32,1x128x128,0.0034815999999999996,REDDIT-B
float32,int2,float16,int32,1x128x128,0.0035839999999999995,REDDIT-M
float32,int2,float32,int32,1x128x128,0.0033792000000000006,REDDIT-B
float32,int2,float32,int32,1x128x128,0.0034815999999999996,REDDIT-M
float32,int2,int32,int32,1x128x128,0.0034815999999999996,REDDIT-B
float32,int2,int32,int32,1x128x128,0.0033792000000000006,REDDIT-M
float32,int2,int8,int32,1x128x128,0.0033792000000000006,REDDIT-B
float32,int2,int8,int32,1x128x128,0.0035839999999999995,REDDIT-M
float32,int1,float16,float16,1x128x128,0.0034815999999999996,REDDIT-B
float32,int1,float16,float16,1x128x128,0.0034815999999999996,REDDIT-M
float32,int1,float32,float16,1x128x128,0.0035839999999999995,REDDIT-B
float32,int1,float32,float16,1x128x128,0.0033792000000000006,REDDIT-M
float32,int1,int32,float16,1x128x128,0.0033792000000000006,REDDIT-B
float32,int1,int32,float16,1x128x128,0.0033792000000000006,REDDIT-M
float32,int1,int8,float16,1x128x128,0.0033792000000000006,REDDIT-B
float32,int1,int8,float16,1x128x128,0.0034815999999999996,REDDIT-M
float32,int1,float16,int32,1x128x128,0.0035839999999999995,REDDIT-B
float32,int1,float16,int32,1x128x128,0.0033792000000000006,REDDIT-M
float32,int1,float32,int32,1x128x128,0.0034815999999999996,REDDIT-B
float32,int1,float32,int32,1x128x128,0.0036864,REDDIT-M
float32,int1,int32,int32,1x128x128,0.0034815999999999996,REDDIT-B
float32,int1,int32,int32,1x128x128,0.0034815999999999996,REDDIT-M
float32,int1,int8,int32,1x128x128,0.0035839999999999995,REDDIT-B
float32,int1,int8,int32,1x128x128,0.0034815999999999996,REDDIT-M
float32,nf4,float16,float16,1x128x128,0.0035839999999999995,REDDIT-B
float32,nf4,float16,float16,1x128x128,0.0034815999999999996,REDDIT-M
float32,nf4,float32,float16,1x128x128,0.0035839999999999995,REDDIT-B
float32,nf4,float32,float16,1x128x128,0.0036864,REDDIT-M
float32,nf4,int32,float16,1x128x128,0.0035839999999999995,REDDIT-B
float32,nf4,int32,float16,1x128x128,0.0036864,REDDIT-M
float32,nf4,int8,float16,1x128x128,0.0035839999999999995,REDDIT-B
float32,nf4,int8,float16,1x128x128,0.0035839999999999995,REDDIT-M
float32,nf4,float16,int32,1x128x128,0.0036864,REDDIT-B
float32,nf4,float16,int32,1x128x128,0.0039935,REDDIT-M
float32,nf4,float32,int32,1x128x128,0.0035839999999999995,REDDIT-B
float32,nf4,float32,int32,1x128x128,0.0036864,REDDIT-M
float32,nf4,int32,int32,1x128x128,0.0035839999999999995,REDDIT-B
float32,nf4,int32,int32,1x128x128,0.0035839999999999995,REDDIT-M
float32,nf4,int8,int32,1x128x128,0.0035839999999999995,REDDIT-B
float32,nf4,int8,int32,1x128x128,0.0034815999999999996,REDDIT-M
float64,float64,float16,float16,1x128x128,0.0034815999999999996,REDDIT-B
float64,float64,float16,float16,1x128x128,0.0032767,REDDIT-M
float64,float64,float32,float16,1x128x128,0.0033792000000000006,REDDIT-B
float64,float64,float32,float16,1x128x128,0.0035839999999999995,REDDIT-M
float64,float64,int32,float16,1x128x128,0.0035839999999999995,REDDIT-B
float64,float64,int32,float16,1x128x128,0.0034815999999999996,REDDIT-M
float64,float64,int8,float16,1x128x128,0.0036864,REDDIT-B
float64,float64,int8,float16,1x128x128,0.0035839999999999995,REDDIT-M
float64,float64,float16,int32,1x128x128,0.0033792000000000006,REDDIT-B
float64,float64,float16,int32,1x128x128,0.0034815999999999996,REDDIT-M
float64,float64,float32,int32,1x128x128,0.0034815999999999996,REDDIT-B
float64,float64,float32,int32,1x128x128,0.0037888,REDDIT-M
float64,float64,int32,int32,1x128x128,0.0034815999999999996,REDDIT-B
float64,float64,int32,int32,1x128x128,0.0035839999999999995,REDDIT-M
float64,float64,int8,int32,1x128x128,0.0033792000000000006,REDDIT-B
float64,float64,int8,int32,1x128x128,0.0035839999999999995,REDDIT-M
float64,int8,float16,float16,1x128x128,0.0034815999999999996,REDDIT-B
float64,int8,float16,float16,1x128x128,0.0034815999999999996,REDDIT-M
float64,int8,float32,float16,1x128x128,0.0034815999999999996,REDDIT-B
float64,int8,float32,float16,1x128x128,0.0035839999999999995,REDDIT-M
float64,int8,int32,float16,1x128x128,0.0036864,REDDIT-B
float64,int8,int32,float16,1x128x128,0.0034815999999999996,REDDIT-M
float64,int8,int8,float16,1x128x128,0.0034815999999999996,REDDIT-B
float64,int8,int8,float16,1x128x128,0.0035839999999999995,REDDIT-M
float64,int8,float16,int32,1x128x128,0.0034815999999999996,REDDIT-B
float64,int8,float16,int32,1x128x128,0.0035839999999999995,REDDIT-M
float64,int8,float32,int32,1x128x128,0.0035839999999999995,REDDIT-B
float64,int8,float32,int32,1x128x128,0.0033792000000000006,REDDIT-M
float64,int8,int32,int32,1x128x128,0.0034815999999999996,REDDIT-B
float64,int8,int32,int32,1x128x128,0.0034815999999999996,REDDIT-M
float64,int8,int8,int32,1x128x128,0.0034815999999999996,REDDIT-B
float64,int8,int8,int32,1x128x128,0.0034815999999999996,REDDIT-M
float64,nf4,float16,float16,1x128x128,0.0036864,REDDIT-B
float64,nf4,float16,float16,1x128x128,0.0036864,REDDIT-M
float64,nf4,float32,float16,1x128x128,0.0035839999999999995,REDDIT-B
float64,nf4,float32,float16,1x128x128,0.0037888,REDDIT-M
float64,nf4,int32,float16,1x128x128,0.0037888,REDDIT-B
float64,nf4,int32,float16,1x128x128,0.0036864,REDDIT-M
float64,nf4,int8,float16,1x128x128,0.0034815999999999996,REDDIT-B
float64,nf4,int8,float16,1x128x128,0.0034815999999999996,REDDIT-M
float64,nf4,float16,int32,1x128x128,0.0037888,REDDIT-B
float64,nf4,float16,int32,1x128x128,0.0035839999999999995,REDDIT-M
float64,nf4,float32,int32,1x128x128,0.0035839999999999995,REDDIT-B
float64,nf4,float32,int32,1x128x128,0.0036864,REDDIT-M
float64,nf4,int32,int32,1x128x128,0.0035839999999999995,REDDIT-B
float64,nf4,int32,int32,1x128x128,0.0035839999999999995,REDDIT-M
float64,nf4,int8,int32,1x128x128,0.0036864,REDDIT-B
float64,nf4,int8,int32,1x128x128,0.0036864,REDDIT-M
int32,int8,float16,float16,1x128x128,0.0032767,REDDIT-B
int32,int8,float16,float16,1x128x128,0.0033792000000000006,REDDIT-M
int32,int8,float32,float16,1x128x128,0.0034815999999999996,REDDIT-B
int32,int8,float32,float16,1x128x128,0.0033792000000000006,REDDIT-M
int32,int8,int32,float16,1x128x128,0.0033792000000000006,REDDIT-B
int32,int8,int32,float16,1x128x128,0.0036864,REDDIT-M
int32,int8,int8,float16,1x128x128,0.0033792000000000006,REDDIT-B
int32,int8,int8,float16,1x128x128,0.0034815999999999996,REDDIT-M
int32,int8,float16,int32,1x128x128,0.0033792000000000006,REDDIT-B
int32,int8,float16,int32,1x128x128,0.0034815999999999996,REDDIT-M
int32,int8,float32,int32,1x128x128,0.0034815999999999996,REDDIT-B
int32,int8,float32,int32,1x128x128,0.0033792000000000006,REDDIT-M
int32,int8,int32,int32,1x128x128,0.0035839999999999995,REDDIT-B
int32,int8,int32,int32,1x128x128,0.0033792000000000006,REDDIT-M
int32,int8,int8,int32,1x128x128,0.0033792000000000006,REDDIT-B
int32,int8,int8,int32,1x128x128,0.0032767,REDDIT-M
int32,int4,float16,float16,1x128x128,0.0033792000000000006,REDDIT-B
int32,int4,float16,float16,1x128x128,0.0033792000000000006,REDDIT-M
int32,int4,float32,float16,1x128x128,0.0033792000000000006,REDDIT-B
int32,int4,float32,float16,1x128x128,0.0035839999999999995,REDDIT-M
int32,int4,int32,float16,1x128x128,0.0033792000000000006,REDDIT-B
int32,int4,int32,float16,1x128x128,0.0034815999999999996,REDDIT-M
int32,int4,int8,float16,1x128x128,0.0034815999999999996,REDDIT-B
int32,int4,int8,float16,1x128x128,0.0034815999999999996,REDDIT-M
int32,int4,float16,int32,1x128x128,0.004300699999999999,REDDIT-B
int32,int4,float16,int32,1x128x128,0.0034815999999999996,REDDIT-M
int32,int4,float32,int32,1x128x128,0.0035839999999999995,REDDIT-B
int32,int4,float32,int32,1x128x128,0.0033792000000000006,REDDIT-M
int32,int4,int32,int32,1x128x128,0.0032767,REDDIT-B
int32,int4,int32,int32,1x128x128,0.0033792000000000006,REDDIT-M
int32,int4,int8,int32,1x128x128,0.0032767,REDDIT-B
int32,int4,int8,int32,1x128x128,0.0033792000000000006,REDDIT-M
int32,int2,float16,float16,1x128x128,0.0036864,REDDIT-B
int32,int2,float16,float16,1x128x128,0.0033792000000000006,REDDIT-M
int32,int2,float32,float16,1x128x128,0.0033792000000000006,REDDIT-B
int32,int2,float32,float16,1x128x128,0.0033792000000000006,REDDIT-M
int32,int2,int32,float16,1x128x128,0.0033792000000000006,REDDIT-B
int32,int2,int32,float16,1x128x128,0.0033792000000000006,REDDIT-M
int32,int2,int8,float16,1x128x128,0.0033792000000000006,REDDIT-B
int32,int2,int8,float16,1x128x128,0.0034815999999999996,REDDIT-M
int32,int2,float16,int32,1x128x128,0.0033792000000000006,REDDIT-B
int32,int2,float16,int32,1x128x128,0.0034815999999999996,REDDIT-M
int32,int2,float32,int32,1x128x128,0.0033792000000000006,REDDIT-B
int32,int2,float32,int32,1x128x128,0.0033792000000000006,REDDIT-M
int32,int2,int32,int32,1x128x128,0.0032767,REDDIT-B
int32,int2,int32,int32,1x128x128,0.0033792000000000006,REDDIT-M
int32,int2,int8,int32,1x128x128,0.0035839999999999995,REDDIT-B
int32,int2,int8,int32,1x128x128,0.0032767,REDDIT-M
int32,int1,float16,float16,1x128x128,0.0032767,REDDIT-B
int32,int1,float16,float16,1x128x128,0.0034815999999999996,REDDIT-M
int32,int1,float32,float16,1x128x128,0.0034815999999999996,REDDIT-B
int32,int1,float32,float16,1x128x128,0.0035839999999999995,REDDIT-M
int32,int1,int32,float16,1x128x128,0.0034815999999999996,REDDIT-B
int32,int1,int32,float16,1x128x128,0.0034815999999999996,REDDIT-M
int32,int1,int8,float16,1x128x128,0.0032767,REDDIT-B
int32,int1,int8,float16,1x128x128,0.0034815999999999996,REDDIT-M
int32,int1,float16,int32,1x128x128,0.0033792000000000006,REDDIT-B
int32,int1,float16,int32,1x128x128,0.0033792000000000006,REDDIT-M
int32,int1,float32,int32,1x128x128,0.0035839999999999995,REDDIT-B
int32,int1,float32,int32,1x128x128,0.0032767,REDDIT-M
int32,int1,int32,int32,1x128x128,0.0033792000000000006,REDDIT-B
int32,int1,int32,int32,1x128x128,0.0032767,REDDIT-M
int32,int1,int8,int32,1x128x128,0.0032767,REDDIT-B
int32,int1,int8,int32,1x128x128,0.0035839999999999995,REDDIT-M
int32,nf4,float16,float16,1x128x128,0.0036864,REDDIT-B
int32,nf4,float16,float16,1x128x128,0.0034815999999999996,REDDIT-M
int32,nf4,float32,float16,1x128x128,0.0036864,REDDIT-B
int32,nf4,float32,float16,1x128x128,0.0035839999999999995,REDDIT-M
int32,nf4,int32,float16,1x128x128,0.0035839999999999995,REDDIT-B
int32,nf4,int32,float16,1x128x128,0.0035839999999999995,REDDIT-M
int32,nf4,int8,float16,1x128x128,0.0035839999999999995,REDDIT-B
int32,nf4,int8,float16,1x128x128,0.0036864,REDDIT-M
int32,nf4,float16,int32,1x128x128,0.0036864,REDDIT-B
int32,nf4,float16,int32,1x128x128,0.0035839999999999995,REDDIT-M
int32,nf4,float32,int32,1x128x128,0.0035839999999999995,REDDIT-B
int32,nf4,float32,int32,1x128x128,0.0037888,REDDIT-M
int32,nf4,int32,int32,1x128x128,0.0035839999999999995,REDDIT-B
int32,nf4,int32,int32,1x128x128,0.0035839999999999995,REDDIT-M
int32,nf4,int8,int32,1x128x128,0.0036864,REDDIT-B
int32,nf4,int8,int32,1x128x128,0.0035839999999999995,REDDIT-M
int8,int8,float16,float16,4x128x128,0.0079871,PROTEINS
int8,int8,float16,float16,1x128x128,0.0032767,REDDIT-B
int8,int8,float16,float16,1x128x128,0.0033792000000000006,REDDIT-M
int8,int8,float32,float16,4x128x128,0.0080895,PROTEINS
int8,int8,float32,float16,1x128x128,0.0033792000000000006,REDDIT-B
int8,int8,float32,float16,1x128x128,0.0034815999999999996,REDDIT-M
int8,int8,int32,float16,4x128x128,0.0079871,PROTEINS
int8,int8,int32,float16,1x128x128,0.0035839999999999995,REDDIT-B
int8,int8,int32,float16,1x128x128,0.0033792000000000006,REDDIT-M
int8,int8,int8,float16,4x128x128,0.0079871,PROTEINS
int8,int8,int8,float16,1x128x128,0.0033792000000000006,REDDIT-B
int8,int8,int8,float16,1x128x128,0.0033792000000000006,REDDIT-M
int8,int8,float16,int32,500x128x128,0.0041983,PubMed
int8,int8,float16,int32,128x256x256,0.006860700000000001,ArXiv
int8,int8,float16,int32,136x128x128,0.0044032,IMDB-B
int8,int8,float16,int32,4x128x128,0.0057344,PROTEINS
int8,int8,float16,int32,1x128x128,0.0032767,REDDIT-B
int8,int8,float16,int32,1x128x128,0.0032767,REDDIT-M
int8,int8,float32,int32,500x128x128,0.004300699999999999,PubMed
int8,int8,float32,int32,128x256x256,0.0069631,ArXiv
int8,int8,float32,int32,136x128x128,0.0044032,IMDB-B
int8,int8,float32,int32,4x128x128,0.0058368,PROTEINS
int8,int8,float32,int32,1x128x128,0.0034815999999999996,REDDIT-B
int8,int8,float32,int32,1x128x128,0.0034815999999999996,REDDIT-M
int8,int8,int32,int32,128x256x256,0.0071678,ArXiv
int8,int8,int32,int32,4x128x128,0.0055296,PROTEINS
int8,int8,int32,int32,1x128x128,0.0032767,REDDIT-B
int8,int8,int32,int32,1x128x128,0.0033792000000000006,REDDIT-M
int8,int8,int8,int32,500x128x128,0.004095900000000001,PubMed
int8,int8,int8,int32,128x256x256,0.007065500000000001,ArXiv
int8,int8,int8,int32,136x128x128,0.004300699999999999,IMDB-B
int8,int8,int8,int32,4x128x128,0.0057344,PROTEINS
int8,int8,int8,int32,1x128x128,0.0034815999999999996,REDDIT-B
int8,int8,int8,int32,1x128x128,0.0034815999999999996,REDDIT-M
int8,int4,float16,float16,4x128x128,4.3516929,PROTEINS
int8,int4,float16,int32,4x128x128,1.6884734999999997,PROTEINS
int8,int2,float16,float16,4x128x128,0.0034815999999999996,PROTEINS
int8,int2,float16,float16,1x128x128,0.0035839999999999995,REDDIT-B
int8,int2,float16,float16,1x128x128,0.0035839999999999995,REDDIT-M
int8,int2,float32,float16,4x128x128,0.0034815999999999996,PROTEINS
int8,int2,float32,float16,1x128x128,0.0035839999999999995,REDDIT-B
int8,int2,float32,float16,1x128x128,0.0036864,REDDIT-M
int8,int2,int32,float16,4x128x128,0.0034815999999999996,PROTEINS
int8,int2,int32,float16,1x128x128,0.0035839999999999995,REDDIT-B
int8,int2,int32,float16,1x128x128,0.0034815999999999996,REDDIT-M
int8,int2,int8,float16,4x128x128,0.0035839999999999995,PROTEINS
int8,int2,int8,float16,1x128x128,0.0034815999999999996,REDDIT-B
int8,int2,int8,float16,1x128x128,0.0036864,REDDIT-M
int8,int2,float16,int32,3703x128x128,0.007167999999999999,CiteSeer
int8,int2,float16,int32,500x128x128,0.0044032,PubMed
int8,int2,float16,int32,128x256x256,0.008192000000000001,ArXiv
int8,int2,float16,int32,136x128x128,0.004300699999999999,IMDB-B
int8,int2,float16,int32,4x128x128,0.0037888,PROTEINS
int8,int2,float16,int32,1x128x128,0.0035839999999999995,REDDIT-B
int8,int2,float16,int32,1x128x128,0.0035839999999999995,REDDIT-M
int8,int2,float32,int32,3703x128x128,0.007167999999999999,CiteSeer
int8,int2,float32,int32,500x128x128,0.0044032,PubMed
int8,int2,float32,int32,128x256x256,0.007679900000000001,ArXiv
int8,int2,float32,int32,136x128x128,0.004300699999999999,IMDB-B
int8,int2,float32,int32,4x128x128,0.0036864,PROTEINS
int8,int2,float32,int32,1x128x128,0.0035839999999999995,REDDIT-B
int8,int2,float32,int32,1x128x128,0.0035839999999999995,REDDIT-M
int8,int2,int32,int32,3703x128x128,0.0075776,CiteSeer
int8,int2,int32,int32,500x128x128,0.0044032,PubMed
int8,int2,int32,int32,128x256x256,0.007679900000000001,ArXiv
int8,int2,int32,int32,136x128x128,0.0041983,IMDB-B
int8,int2,int32,int32,4x128x128,0.0036864,PROTEINS
int8,int2,int32,int32,1x128x128,0.0051199,REDDIT-B
int8,int2,int32,int32,1x128x128,0.0037888,REDDIT-M
int8,int2,int8,int32,3703x128x128,0.007679999999999999,CiteSeer
int8,int2,int8,int32,500x128x128,0.0044032,PubMed
int8,int2,int8,int32,128x256x256,0.0079872,ArXiv
int8,int2,int8,int32,136x128x128,0.0041983,IMDB-B
int8,int2,int8,int32,4x128x128,0.0038910999999999998,PROTEINS
int8,int2,int8,int32,1x128x128,0.0036864,REDDIT-B
int8,int2,int8,int32,1x128x128,0.0037888,REDDIT-M
int8,int1,float16,float16,4x128x128,0.0037888,PROTEINS
int8,int1,float16,float16,1x128x128,0.0041983,REDDIT-B
int8,int1,float16,float16,1x128x128,0.0037888,REDDIT-M
int8,int1,float32,float16,4x128x128,0.004095900000000001,PROTEINS
int8,int1,float32,float16,1x128x128,0.0037888,REDDIT-B
int8,int1,float32,float16,1x128x128,0.0037888,REDDIT-M
int8,int1,int32,float16,4x128x128,0.0037888,PROTEINS
int8,int1,int32,float16,1x128x128,0.0038910999999999998,REDDIT-B
int8,int1,int32,float16,1x128x128,0.0035839999999999995,REDDIT-M
int8,int1,int8,float16,4x128x128,0.0038910999999999998,PROTEINS
int8,int1,int8,float16,1x128x128,0.0041983,REDDIT-B
int8,int1,int8,float16,1x128x128,0.0037888,REDDIT-M
int8,int1,float16,int32,3703x128x128,0.007167999999999999,CiteSeer
int8,int1,float16,int32,500x128x128,0.004300699999999999,PubMed
int8,int1,float16,int32,128x256x256,0.010137499999999999,ArXiv
int8,int1,float16,int32,136x128x128,0.0044032,IMDB-B
int8,int1,float16,int32,4x128x128,0.0037888,PROTEINS
int8,int1,float16,int32,1x128x128,0.0038910999999999998,REDDIT-B
int8,int1,float16,int32,1x128x128,0.0036864,REDDIT-M
int8,int1,float32,int32,3703x128x128,0.0072704,CiteSeer
int8,int1,float32,int32,500x128x128,0.004608000000000001,PubMed
int8,int1,float32,int32,128x256x256,0.009318400000000001,ArXiv
int8,int1,float32,int32,136x128x128,0.004300699999999999,IMDB-B
int8,int1,float32,int32,4x128x128,0.0037888,PROTEINS
int8,int1,float32,int32,1x128x128,0.0038910999999999998,REDDIT-B
int8,int1,float32,int32,1x128x128,0.0038910999999999998,REDDIT-M
int8,int1,int32,int32,3703x128x128,0.0070656,CiteSeer
int8,int1,int32,int32,500x128x128,0.0044032,PubMed
int8,int1,int32,int32,128x256x256,0.0080896,ArXiv
int8,int1,int32,int32,136x128x128,0.0044032,IMDB-B
int8,int1,int32,int32,4x128x128,0.0037888,PROTEINS
int8,int1,int32,int32,1x128x128,0.0038910999999999998,REDDIT-B
int8,int1,int32,int32,1x128x128,0.0039935,REDDIT-M
int8,int1,int8,int32,3703x128x128,0.006963199999999999,CiteSeer
int8,int1,int8,int32,500x128x128,0.0048128,PubMed
int8,int1,int8,int32,128x256x256,0.007987000000000001,ArXiv
int8,int1,int8,int32,136x128x128,0.004608000000000001,IMDB-B
int8,int1,int8,int32,4x128x128,0.0039935,PROTEINS
int8,int1,int8,int32,1x128x128,0.0039935,REDDIT-B
int8,int1,int8,int32,1x128x128,0.0039935,REDDIT-M
int8,nf4,float16,float16,4x128x128,0.0038910999999999998,PROTEINS
int8,nf4,float16,float16,1x128x128,0.0039935,REDDIT-B
int8,nf4,float16,float16,1x128x128,0.0039935,REDDIT-M
int8,nf4,float32,float16,4x128x128,0.0039935,PROTEINS
int8,nf4,float32,float16,1x128x128,0.0039935,REDDIT-B
int8,nf4,float32,float16,1x128x128,0.004300699999999999,REDDIT-M
int8,nf4,int32,float16,4x128x128,0.0039935,PROTEINS
int8,nf4,int32,float16,1x128x128,0.0041983,REDDIT-B
int8,nf4,int32,float16,1x128x128,0.004095900000000001,REDDIT-M
int8,nf4,int8,float16,4x128x128,0.004095900000000001,PROTEINS
int8,nf4,int8,float16,1x128x128,0.0038910999999999998,REDDIT-B
int8,nf4,int8,float16,1x128x128,0.004095900000000001,REDDIT-M
int8,nf4,float16,int32,3703x128x128,0.009216000000000002,CiteSeer
int8,nf4,float16,int32,500x128x128,0.0052223,PubMed
int8,nf4,float16,int32,128x256x256,0.0082944,ArXiv
int8,nf4,float16,int32,136x128x128,0.004608000000000001,IMDB-B
int8,nf4,float16,int32,4x128x128,0.0039935,PROTEINS
int8,nf4,float16,int32,1x128x128,0.004095900000000001,REDDIT-B
int8,nf4,float16,int32,1x128x128,0.004095900000000001,REDDIT-M
int8,nf4,float32,int32,3703x128x128,0.010649500000000001,CiteSeer
int8,nf4,float32,int32,500x128x128,0.005017499999999999,PubMed
int8,nf4,float32,int32,128x256x256,0.0082944,ArXiv
int8,nf4,float32,int32,136x128x128,0.0048128,IMDB-B
int8,nf4,float32,int32,4x128x128,0.0039935,PROTEINS
int8,nf4,float32,int32,1x128x128,0.004095900000000001,REDDIT-B
int8,nf4,float32,int32,1x128x128,0.0041983,REDDIT-M
int8,nf4,int32,int32,3703x128x128,0.0122879,CiteSeer
int8,nf4,int32,int32,500x128x128,0.005017499999999999,PubMed
int8,nf4,int32,int32,128x256x256,0.0089086,ArXiv
int8,nf4,int32,int32,136x128x128,0.0047104,IMDB-B
int8,nf4,int32,int32,4x128x128,0.004095900000000001,PROTEINS
int8,nf4,int32,int32,1x128x128,0.0039935,REDDIT-B
int8,nf4,int32,int32,1x128x128,0.004095900000000001,REDDIT-M
int8,nf4,int8,int32,3703x128x128,0.0105471,CiteSeer
int8,nf4,int8,int32,500x128x128,0.0049152,PubMed
int8,nf4,int8,int32,128x256x256,0.0083967,ArXiv
int8,nf4,int8,int32,136x128x128,0.0047104,IMDB-B
int8,nf4,int8,int32,4x128x128,0.004300699999999999,PROTEINS
int8,nf4,int8,int32,1x128x128,0.0041983,REDDIT-B
int8,nf4,int8,int32,1x128x128,0.0041983,REDDIT-M
